Sam	Gebhardt	951757317	sgebhar4@uoregon.edu	Sam		
JD	Paul	951345678	JDpaul@uoregon.edu	JD		
Michael	Gao	951708015	mgao2@uoregon.edu	Michael		
Austin	Mello	951782749	amello3@uoregon.edu	Austin		
Kyle	Amsler	950344746	Amsler@uoregon.edu	Kyle		
Donia	Anoushiravani	950346165	Anoushiravani@uoregon.edu	Donia		
Chelsea	Appel	950346514	Appel@uoregon.edu	Chelsea		
Sam	Appelbaum	950346649	Appelbaum@uoregon.edu	Sam		
Michael	Arellano	950348295	Arellano@uoregon.edu	Michael		
Brandon	Armstrong	950348434	Armstrong@uoregon.edu	Brandon		
Sean	Wilcox	950925867	Wilcox@uoregon.edu	Sean		
Daniel	Wilkinson	950927509	Wilkinson@uoregon.edu	Danielle		
Elizabeth	Wilks	950928153	Wilks@uoregon.edu	Elizabeth		
Adam	Wille	950928618	Wille@uoregon.edu	Adam		
Matthew	Williams	950929547	Williams@uoregon.edu	Matt		
Rachel	Williams	950930716	Williams@uoregon.edu	Rachel		
Madeline	Willman	950930773	Willman@uoregon.edu	Maddy		
Laura	Wittkop	950931030	Wittkop@uoregon.edu	Laura		
John	Woida	950932674	Woida@uoregon.edu	Jonathan		
Scott	Wolfe	950932971	Wolfe@uoregon.edu	Scott		
Jordan	Wolfer	950936517	Wolfer@uoregon.edu	Jordan		
Brady	Wolford	950940400	Wolford@uoregon.edu	Brady		
Jenny	Yaillen	950942373	Yaillen@uoregon.edu	Jenny		
Elhaam	Yazdi	950950670	Yazdi@uoregon.edu	Elhaam		
Misty	Zakrzewski	950964162	Zakrzewski@uoregon.edu	Misty		
Riehel	Zereyhoune	950967024	Zereyhoune@uoregon.edu	Riehel		
Zach	Zollinger	950967066	Zollinger@uoregon.edu	Zach		
Dovey	Zollman	950975299	Zollman@uoregon.edu	Dovey		
Peter	Zoumboukos	950986700	Zoumboukos@uoregon.edu	Peter		
Ryan	Asbra	950349689	Asbra@uoregon.edu	Raymond		
John	Atkins	950349813	Atkins@uoregon.edu	John		
Jesse	Bablove	950349977	Bablove@uoregon.edu	Jesse		
Alexander	Baldwin	950350949	Baldwin@uoregon.edu	Alexander		
Joseph	Bartley	950351988	Bartley@uoregon.edu	Joseph		
Constance	Bartsch	950354502	Bartsch@uoregon.edu	Constance		
Nikolai	Ronningen	950562192	Ronningen@uoregon.edu	Nikolai		
Dante	Rosario	950562864	Rosario@uoregon.edu	Dante		
David	Rosman	950562967	Rosman@uoregon.edu	David		
Daniel	Rosove	950563160	Rosove@uoregon.edu	Danielle		
Terra	Rothman	950568493	Rothman@uoregon.edu	Terra		
James	Roullier	950620234	Roullier@uoregon.edu	James		
Kyle	Roush	950621617	Roush@uoregon.edu	Kyle		
Ryan	Rustrum	950711131	Rustrum@uoregon.edu	Raymond		
Thomas	Sabiel	950737580	Sabiel@uoregon.edu	Thomas		
Ian	Samhammer	950737698	Samhammer@uoregon.edu	Ian		
Raymond	Santosa	950737753	Santosa@uoregon.edu	Raymond		
Jamal	Sarkez	950737821	Sarkez@uoregon.edu	Jamal		
Raymond	Schafer	950737946	Schafer@uoregon.edu	Raymond		
Joseph	Schmeits	950738292	Schmeits@uoregon.edu	Joseph		
Andrew	Schoch	950738436	Schoch@uoregon.edu	Andrew		
Danielle	Schumaker	950738774	Schumaker@uoregon.edu	Danielle		
John	Kohler	950471645	Kohler@uoregon.edu	Jonathan		
Rose	Kostur	950471929	Kostur@uoregon.edu	Rosove		
Aidan	Krainock	950472278	Krainock@uoregon.edu	Aidan		
Amanda	Kroon	950472316	Kroon@uoregon.edu	Amanda		
ChangMo	Ku	950472640	Ku@uoregon.edu	Chang		
Dina	Kupfer	950472713	Kupfer@uoregon.edu	Donia		
Joseph	Kurowski	950472891	Kurowski@uoregon.edu	Joseph		
Ryan	LasCano	950473528	LasCano@uoregon.edu	Raymond		
Amy	Lee	950474775	Lee@uoregon.edu	Amy		
ChiaHsin	Lee	950475016	Lee@uoregon.edu	Chia		
Amy	Leikas	950476210	Leikas@uoregon.edu	Raymond		
Jonathan	Lent	950476612	Lent@uoregon.edu	Jonathan		
Maarten	Leunen	950479749	Leunen@uoregon.edu	Maarten		
Asha	Lewellen	950481288	Lewellen@uoregon.edu	Asha		